Classe,Percentuale,Numero_Clienti
da 0 a 1.000,3.42,205
da 1.000 a 1.500,1.27,76
da 1.500 a 2.000,1.18,71
da 2.000 a 2.500,1.08,65
da 2.500 a 3.000,1.02,61
da 3.000 a 3.500,0.95,57
da 3.500 a 4.000,0.94,56
da 4.000 a 5.000,1.85,111
da 5.000 a 6.000,1.85,111
da 6.000 a 7.500,2.93,176
da 7.500 a 10.000,5.77,346
da 10.000 a 12.000,4.85,291
da 12.000 a 15.000,7.09,425
da 15.000 a 20.000,12.7,762
da 20.000 a 26.000,18.97,1138
da 26.000 a 29.000,7.29,437
da 29.000 a 35.000,10.39,623
da 35.000 a 40.000,4.91,295
da 40.000 a 50.000,4.76,286
da 50.000 a 55.000,1.26,76
da 55.000 a 60.000,0.91,55
da 60.000 a 70.000,1.26,76
da 70.000 a 75.000,0.46,28
da 75.000 a 80.000,0.39,23
da 80.000 a 90.000,0.61,37
da 90.000 a 100.000,0.42,25
da 100.000 a 120.000,0.5,30
da 120.000 a 150.000,0.38,23
da 150.000 a 200.000,0.28,17
da 200.000 a 300.000,0.18,11
oltre 300.000,0.13,8
TOTALE,100.0,6000
